variable,importancia
ranking_fifa,0.3978370241665983
interes_google,0.2646975096542666
confederacion_cod,0.14521708232939257
racha_reciente,0.11517833609750718
gano_penales_pct,0.07336898051073822
es_local,0.0037010672414972065
diferencia_goles,0.0
goles_favor_avg,0.0
goles_contra_avg,0.0
