variable,importancia
ranking_fifa,0.42185484022091185
interes_google,0.28501316002429006
racha_reciente,0.08176092429949164
goles_contra_avg,0.057015498089701494
diferencia_goles,0.05115451027006235
goles_favor_avg,0.043704238829048406
gano_penales_pct,0.02975240433852502
confederacion_cod,0.02855960369910608
es_local,0.0011848202288630922
